image,attack,l_inf,l_inf_255,l2,l2_normalized,pixels_changed,pixels_changed_pct,total_pixels,avg_perturbation,avg_perturbation_255,perturbation_std,perturbation_median,ssim,R_max,G_max,B_max,R_mean,G_mean,B_mean
bubble.jpeg,fgm,0.3019607843137255,77.00000000000001,103.47083926888808,0.2666915933266475,50120,99.88839285714286,50176,0.24871039561657995,63.42115088222789,0.09626808953827959,0.30196078431372547,0.1324043846247908,0.3019607843137255,0.3019607843137255,0.3019607843137255,0.27997581845238084,0.25425826580632244,0.21189710259103636
bubble.jpeg,pgd,0.3019607843137255,77.00000000000001,62.632786124614015,0.16143328539795607,50146,99.94021045918367,50176,0.13223667070995065,33.72035103103742,0.09259680639161383,0.1215686274509804,0.36410531521122547,0.3019607843137255,0.3019607843137255,0.3019607843137255,0.14478244422769104,0.13395459746398558,0.11797297043817528
bubble.jpeg,hc,0.0,0.0,0.0,0.0,0,0.0,50176,0.0,0.0,0.0,0.0,1.0,0.0,0.0,0.0,0.0,0.0,0.0
castle.jpg,fgm,0.3019607843137255,77.00000000000001,106.8034634633458,0.27528128741494223,50135,99.91828762755102,50176,0.26647023392690405,67.94990965136053,0.06908980845080592,0.3019607843137254,0.20718992386732457,0.3019607843137255,0.3019607843137255,0.3019607843137255,0.2782947554021608,0.27783269557823126,0.24328325080032007
castle.jpg,pgd,0.3019607843137255,77.00000000000001,65.1961042606465,0.16804012654017486,50157,99.96213329081633,50176,0.14291206065759637,36.44257546768708,0.0883947229546961,0.13333333333333336,0.41374779696091063,0.3019607843137255,0.3019607843137255,0.3019607843137255,0.14455407162865147,0.14550210709283715,0.1386800032513005
castle.jpg,hc,0.29803921568627456,76.00000000000001,3.5773476736705407,0.009220458224904322,150,0.2989477040816326,50176,0.00043225623582766437,0.11022534013605441,0.009210320538602004,0.0,0.9846602869234273,0.2980392156862745,0.29803921568627456,0.29803921568627456,0.00046088747999199677,0.00044275522709083634,0.0003931260004001601
cup.jpeg,fgm,0.3019607843137255,77.00000000000001,96.97773344594998,0.24995589513579908,50165,99.97807716836735,50176,0.2310274630685607,58.912003082482975,0.09541625029963913,0.29803921568627445,0.12482654708368102,0.3019607843137255,0.3019607843137255,0.3019607843137255,0.2472461640906362,0.22571825605242093,0.220117969062625
cup.jpeg,pgd,0.3019607843137255,77.00000000000001,60.1965764813017,0.15515406087398853,50171,99.99003507653062,50176,0.12867133832699748,32.81119127338436,0.08669757377705957,0.11372549019607847,0.297836642092636,0.3019607843137255,0.3019607843137255,0.3019607843137255,0.13432458921068427,0.12630903924069628,0.12538038652961184
cup.jpeg,hc,0.0,0.0,0.0,0.0,0,0.0,50176,0.0,0.0,0.0,0.0,1.0,0.0,0.0,0.0,0.0,0.0,0.0
espresso.jpeg,fgm,0.3019607843137255,77.00000000000001,105.08005699250025,0.27083928210304126,50171,99.99003507653062,50176,0.2583582912331599,65.88136426445577,0.08127059788861188,0.3019607843137254,0.16397232957492164,0.3019607843137255,0.3019607843137255,0.3019607843137255,0.26483585621748695,0.26033233605942374,0.249906681422569
espresso.jpeg,pgd,0.3019607843137255,77.00000000000001,63.988910996267734,0.16492863834306332,50173,99.99402104591837,50176,0.13837769482793116,35.28631218112245,0.08973889524506595,0.12941176470588234,0.3797060873436284,0.3019607843137255,0.3019607843137255,0.3019607843137255,0.14003132503001203,0.1386077868647459,0.13649397258903562
espresso.jpeg,hc,0.0,0.0,0.0,0.0,0,0.0,50176,0.0,0.0,0.0,0.0,1.0,0.0,0.0,0.0,0.0,0.0,0.0
fish.jpg,fgm,0.3019607843137255,77.00000000000001,101.74140660400955,0.2622340557614111,50105,99.8584980867347,50176,0.24404415411998132,62.231259300595234,0.09596432066628546,0.29803921568627456,0.08775179038069715,0.3019607843137255,0.3019607843137255,0.3019607843137255,0.22565127613545416,0.27407267594537804,0.2324085102791116
fish.jpg,pgd,0.3019607843137255,77.00000000000001,61.90277229650607,0.15955170646862452,50135,99.91828762755102,50176,0.13108925862011472,33.427760948129254,0.09095247831411081,0.1215686274509803,0.2927920872316414,0.3019607843137255,0.3019607843137255,0.3019607843137255,0.1225309655112045,0.14331865558723492,0.12741815476190477
fish.jpg,hc,0.2941176470588235,74.99999999999999,2.4225900838442804,0.00624412070108756,70,0.13950892857142858,50176,0.00020174736561291186,0.051445578231292526,0.006240860624162219,0.0,0.9944798763830665,0.28627450980392166,0.2901960784313726,0.2941176470588235,0.00017108405862344936,0.00021313212785114045,0.00022102591036414566
goblet.jpeg,fgm,0.3019607843137255,77.00000000000001,109.97743286738402,0.28346205567307214,50176,100.0,50176,0.27797824859110315,70.88445339073131,0.05548720858564388,0.3019607843137254,0.12018643519547456,0.3019607843137255,0.3019607843137255,0.3019607843137255,0.28409598214285703,0.2730801695678271,0.27675859406262504
goblet.jpeg,pgd,0.3019607843137255,77.00000000000001,66.47239999844483,0.17132972336063662,50175,99.99800701530613,50176,0.14616383011537945,37.27177667942176,0.0893868495520161,0.13725490196078438,0.2993510443089615,0.3019607843137255,0.3019607843137255,0.3019607843137255,0.14649109643857544,0.14301814475790317,0.14898224914965985
goblet.jpeg,hc,0.0,0.0,0.0,0.0,0,0.0,50176,0.0,0.0,0.0,0.0,1.0,0.0,0.0,0.0,0.0,0.0,0.0
goldfinch.jpeg,fgm,0.3019607843137255,77.00000000000001,108.13893174174983,0.2787233988882939,49925,99.49976084183673,50176,0.2690830759387088,68.61618436437074,0.0726707047661301,0.30196078431372547,0.1408542507114527,0.3019607843137255,0.3019607843137255,0.3019607843137255,0.2802694515306122,0.2794204400510203,0.24755933623449378
goldfinch.jpeg,pgd,0.3019607843137255,77.00000000000001,65.61716844758554,0.1691254011905113,50032,99.71301020408163,50176,0.14268639747565695,36.38503135629252,0.09079643882482531,0.13725490196078433,0.3425038429245708,0.3019607843137255,0.3019607843137255,0.3019607843137255,0.1445735325380152,0.1442901379301721,0.1391955219587835
goldfinch.jpeg,hc,0.29803921568627456,76.00000000000001,2.8089547585948003,0.007239958866143697,90,0.17936862244897958,50176,0.00026494972989195677,0.06756218112244898,0.007235109261378359,0.0,0.9911254131004527,0.29803921568627445,0.29803921568627456,0.29411764705882354,0.00027870523209283716,0.00027933048219287715,0.00023681347539015606
hay.jpeg,fgm,0.3019607843137255,77.00000000000001,109.92359500905843,0.2833232909320147,50175,99.99800701530613,50176,0.2790807989862611,71.16560374149658,0.04884664596200139,0.30196078431372547,0.10036541315314351,0.3019607843137255,0.3019607843137255,0.3019607843137255,0.27251314588335324,0.2855060774309723,0.2792231736444577
hay.jpeg,pgd,0.3019607843137255,77.00000000000001,66.86532431343004,0.17234246871343956,50174,99.99601403061224,50176,0.1478082899826597,37.69111394557822,0.08862638396462341,0.14117647058823535,0.3382833168728851,0.3019607843137255,0.3019607843137255,0.3019607843137255,0.14441417191876751,0.14777981505102042,0.15123088297819126
hay.jpeg,hc,0.0,0.0,0.0,0.0,0,0.0,50176,0.0,0.0,0.0,0.0,1.0,0.0,0.0,0.0,0.0,0.0,0.0
seashore.jpeg,fgm,0.3019607843137255,77.00000000000001,108.14259215669773,0.2787328334488096,50175,99.99800701530613,50176,0.27204642273576085,69.37183779761902,0.06068555280359101,0.29803921568627456,0.11237968180676017,0.3019607843137255,0.3019607843137255,0.3019607843137255,0.2780677896158463,0.2787414184423769,0.25933006014905957
seashore.jpeg,pgd,0.3019607843137255,77.00000000000001,66.03447307268324,0.17020098573352127,50176,100.0,50176,0.14536048794517806,37.06692442602041,0.08853645627086082,0.13725490196078433,0.26852395913326965,0.3019607843137255,0.3019607843137255,0.3019607843137255,0.14625991021408563,0.1476267069327731,0.14219484668867544
seashore.jpeg,hc,0.29803921568627445,75.99999999999999,1.713083740386417,0.004415398922573522,30,0.05978954081632653,50176,9.451697345604909e-05,0.02410182823129252,0.004414387181386803,0.0,0.9977169558643751,0.2941176470588236,0.2941176470588236,0.29803921568627445,9.816426570628251e-05,9.230254601840737e-05,9.308410864345737e-05
viaduct.jpeg,fgm,0.3019607843137255,77.00000000000001,104.09036391546447,0.26828839119035497,50159,99.96611926020408,50176,0.25744649422268906,65.64885602678571,0.0754981023599657,0.3019607843137254,0.10826287542755379,0.3019607843137255,0.3019607843137255,0.3019607843137255,0.2578350090036014,0.25749471663665463,0.2570097570278111
viaduct.jpeg,pgd,0.3019607843137255,77.00000000000001,63.70437948969332,0.16419527074523443,50162,99.97209821428571,50176,0.1391265881352541,35.4772799744898,0.08720022596842401,0.12549019607843137,0.28898050609434867,0.3019607843137255,0.3019607843137255,0.3019607843137255,0.1365731448829532,0.1378487332432973,0.1429578862795118
viaduct.jpeg,hc,0.0,0.0,0.0,0.0,0,0.0,50176,0.0,0.0,0.0,0.0,1.0,0.0,0.0,0.0,0.0,0.0,0.0
water_bottle.jpeg,fgm,0.3019607843137255,77.00000000000001,111.80772367865393,0.28817955072924173,50176,100.0,50176,0.28522575696945435,72.73256802721086,0.041154841995921856,0.29803921568627456,0.12884132746850752,0.3019607843137255,0.3019607843137255,0.3019607843137255,0.27997910101540613,0.2862419186424569,0.2894562512505002
water_bottle.jpeg,pgd,0.3019607843137255,77.00000000000001,67.49708695495565,0.17397080947749652,50174,99.99601403061224,50176,0.14903985031512604,38.00516183035714,0.08973831716886727,0.1450980392156862,0.3192558156262132,0.3019607843137255,0.3019607843137255,0.3019607843137255,0.14756285326630653,0.14717879339235695,0.1523779042867147
water_bottle.jpeg,hc,0.29803921568627456,76.00000000000001,4.981608620930973,0.012839879813802937,268,0.5341198979591837,50176,0.0008229333400026676,0.20984800170068024,0.012813480961503637,0.0,0.9765012735611078,0.29803921568627456,0.2980392156862745,0.29803921568627456,0.0008019614095638255,0.0008353341336534614,0.0008315044767907163
